日期,收盘,开盘,高,低,交易量,涨跌幅
2026-03-13,4698.64,4669.06,4707.42,4669.06,123533.67K,0.24%
2026-03-12,4687.56,4700.72,4704.38,4654.31,302986.82K,-0.36%
2026-03-11,4704.5,4681.03,4711.87,4674.71,270175.44K,0.64%
2026-03-10,4674.76,4648.79,4677.6,4648.79,263903.75K,1.28%
2026-03-09,4615.46,4600.25,4625.98,4548.97,322787.62K,-0.97%
2026-03-06,4660.44,4621.49,4671.71,4612.79,238527.93K,0.27%
2026-03-05,4647.69,4651.94,4671.53,4630.3,259317.83K,0.98%
2026-03-04,4602.62,4609.19,4639.42,4575.82,303035.67K,-1.14%
2026-03-03,4655.9,4737.32,4744.6,4651.4,370624.27K,-1.54%
2026-03-02,4728.67,4681.01,4735.41,4667.28,349260.75K,0.38%
2026-02-27,4710.65,4698.3,4721.01,4692.89,261420.86K,-0.34%
2026-02-26,4726.87,4741.39,4742.15,4706.69,234847.64K,-0.19%
2026-02-25,4735.89,4713.58,4766.56,4713.34,284268.35K,0.60%
2026-02-24,4707.54,4727.3,4727.37,4698.35,218488.89K,1.01%
2026-02-13,4660.41,4693.41,4703.63,4658.4,189167.76K,-1.25%
2026-02-12,4719.58,4720.01,4726.04,4707.74,197841.44K,0.12%
2026-02-11,4713.82,4715.67,4723.7,4703.69,173391.68K,-0.22%
2026-02-10,4724.3,4718.26,4732.09,4713.87,187000.96K,0.11%
2026-02-09,4719.06,4693.67,4719.96,4679.9,207251.94K,1.63%
2026-02-06,4643.6,4622.97,4678.26,4606.64,202716.48K,-0.57%
2026-02-05,4670.42,4664.75,4687.02,4639.43,237856.35K,-0.60%
2026-02-04,4698.68,4647.97,4701.48,4641.84,264881.03K,0.83%
2026-02-03,4660.11,4648.36,4662.13,4578.21,265549.41K,1.18%
2026-02-02,4605.98,4674.28,4716.61,4601.76,304773.50K,-2.13%
2026-01-30,4706.34,4723.08,4738.87,4645.47,319786.53K,-1.00%
2026-01-29,4753.87,4733.09,4770.96,4696.05,415513.05K,0.76%
2026-01-28,4717.99,4725.6,4739.63,4697.91,382255.60K,0.26%
2026-01-27,4705.69,4705.17,4736.99,4675.64,301475.70K,-0.03%
2026-01-26,4706.96,4715.38,4754.18,4693.16,363004.48K,0.09%
2026-01-23,4702.5,4729.59,4734.79,4684.62,314635.45K,-0.45%
2026-01-22,4723.71,4741.75,4757.76,4700.45,274199.93K,0.01%
2026-01-21,4723.07,4714.55,4758.28,4714.24,266353.33K,0.09%
2026-01-20,4718.88,4736.91,4748.23,4684.97,282719.58K,-0.33%
2026-01-19,4734.46,4720.19,4761.63,4715.09,267612.49K,0.05%
2026-01-16,4731.87,4778.43,4792.55,4715.36,325278.93K,-0.41%
2026-01-15,4751.43,4721.8,4769.55,4720.94,254003.64K,0.20%
2026-01-14,4741.93,4767.7,4818.1,4720.25,364951.02K,-0.40%
2026-01-13,4761.03,4798.05,4836.95,4745.52,301449.50K,-0.60%
2026-01-12,4789.92,4769.65,4795.93,4737.57,294833.16K,0.65%
2026-01-09,4758.92,4725.96,4771.43,4719.13,254688.04K,0.45%
2026-01-08,4737.65,4761.01,4765.49,4717.01,238804.96K,-0.82%
2026-01-07,4776.67,4796.93,4802.6,4751.07,259095.56K,-0.29%
2026-01-06,4790.69,4719.21,4790.69,4718.01,296970.69K,1.55%
2026-01-05,4717.75,4661.62,4721.64,4661.62,234144.84K,1.90%
2025-12-31,4629.94,4656.48,4667.05,4622.1,170760.22K,-0.46%
2025-12-30,4651.28,4617.32,4664.33,4616.63,180374.97K,0.26%
2025-12-29,4639.37,4658.27,4672.04,4629.06,200397.13K,-0.38%
2025-12-26,4657.24,4639.79,4676.13,4635.11,175396.57K,0.32%
2025-12-25,4642.54,4629.32,4651.15,4621.92,139434.19K,0.18%
2025-12-24,4634.06,4623.68,4639.43,4602.14,153711.24K,0.29%
2025-12-23,4620.73,4616.03,4644.53,4607.8,169256.41K,0.20%
2025-12-22,4611.62,4587.67,4615.87,4587.67,165252.86K,0.95%
2025-12-19,4568.18,4561.37,4591.09,4546.85,154876.22K,0.34%
2025-12-18,4552.79,4553.98,4571.97,4544.14,151681.33K,-0.59%
2025-12-17,4579.88,4499.77,4594.66,4498.93,178424.83K,1.83%
2025-12-16,4497.55,4542.42,4553.08,4484.27,165165.20K,-1.20%
2025-12-15,4552.06,4550.0,4595.05,4548.44,167589.97K,-0.63%
2025-12-12,4580.95,4558.74,4583.68,4530.78,212826.52K,0.63%
2025-12-11,4552.18,4597.19,4610.28,4547.14,168419.40K,-0.86%
2025-12-10,4591.83,4586.25,4598.54,4549.08,169111.11K,-0.14%
2025-12-09,4598.22,4611.38,4628.7,4584.25,184160.34K,-0.51%
2025-12-08,4621.75,4593.14,4640.63,4592.74,199620.99K,0.81%
2025-12-05,4584.54,4547.91,4593.83,4535.02,196799.97K,0.84%
2025-12-04,4546.57,4533.6,4557.42,4514.19,147198.11K,0.34%
2025-12-03,4531.05,4554.59,4569.82,4523.5,169762.79K,-0.51%
2025-12-02,4554.33,4571.91,4575.49,4539.43,148493.13K,-0.48%
2025-12-01,4576.49,4539.19,4576.97,4531.29,200382.32K,1.10%
2025-11-28,4526.66,4511.5,4531.72,4492.43,142902.10K,0.25%
2025-11-27,4515.4,4520.01,4559.22,4509.86,150311.77K,-0.05%
2025-11-26,4517.63,4490.2,4538.14,4485.7,156200.37K,0.61%
2025-11-25,4490.4,4475.84,4510.77,4467.35,169571.93K,0.95%
2025-11-24,4448.05,4473.16,4478.81,4421.81,185833.73K,-0.12%
2025-11-21,4453.61,4513.39,4527.04,4453.18,222851.01K,-2.44%
2025-11-20,4564.95,4619.54,4620.65,4560.18,194562.59K,-0.51%
2025-11-19,4588.29,4568.04,4607.86,4568.04,172924.97K,0.44%
2025-11-18,4568.19,4584.79,4606.62,4552.8,177713.18K,-0.65%
2025-11-17,4598.05,4616.81,4624.9,4580.26,188955.47K,-0.65%
2025-11-14,4628.14,4663.32,4684.26,4628.02,192092.68K,-1.57%
2025-11-13,4702.07,4643.79,4703.49,4643.79,207367.47K,1.21%
2025-11-12,4645.91,4643.56,4669.61,4620.99,209460.59K,-0.13%
2025-11-11,4652.17,4706.34,4707.13,4648.49,186638.86K,-0.91%
2025-11-10,4695.05,4688.12,4695.18,4654.21,236026.76K,0.35%
2025-11-07,4678.79,4673.76,4701.37,4666.04,212497.38K,-0.31%
2025-11-06,4693.4,4642.01,4698.09,4642.01,224241.01K,1.43%
2025-11-05,4627.26,4562.11,4642.61,4558.76,203045.87K,0.19%
2025-11-04,4618.7,4649.35,4665.32,4595.07,233224.03K,-0.75%
2025-11-03,4653.4,4636.73,4653.4,4595.73,239869.81K,0.27%
2025-10-31,4640.67,4702.49,4706.14,4640.67,281464.74K,-1.47%
2025-10-30,4709.91,4735.98,4761.83,4706.45,273289.12K,-0.80%
2025-10-29,4747.84,4701.04,4747.84,4697.27,246211.32K,1.19%
2025-10-28,4691.97,4697.73,4734.32,4679.23,220906.64K,-0.51%
2025-10-27,4716.02,4699.38,4720.43,4687.69,262200.67K,1.19%
2025-10-24,4660.68,4622.79,4660.68,4622.79,208814.48K,1.18%
2025-10-23,4606.34,4578.7,4611.34,4541.69,200463.92K,0.30%
2025-10-22,4592.57,4576.03,4603.49,4567.24,185333.96K,-0.33%
2025-10-21,4607.87,4556.12,4615.46,4547.93,215711.17K,1.53%
2025-10-20,4538.22,4558.24,4570.44,4520.5,218420.40K,0.53%
2025-10-17,4514.23,4610.7,4618.56,4509.33,256905.62K,-2.26%
2025-10-16,4618.42,4588.92,4645.1,4586.28,248235.52K,0.26%
2025-10-15,4606.29,4544.24,4608.82,4526.83,284771.85K,1.48%
2025-10-14,4539.06,4634.05,4641.45,4520.93,372954.03K,-1.20%
2025-10-13,4593.98,4490.87,4601.81,4490.87,315010.35K,-0.49%
2025-10-10,4616.83,4679.5,4692.59,4600.96,319020.90K,-1.97%
2025-10-09,4709.48,4662.11,4726.34,4651.99,347678.70K,1.48%
2025-09-30,4640.69,4629.9,4647.5,4616.22,247980.36K,0.45%
2025-09-29,4620.05,4555.03,4647.57,4541.43,274358.88K,1.54%
2025-09-26,4550.05,4576.91,4597.85,4550.05,208482.11K,-0.95%
2025-09-25,4593.49,4563.98,4613.95,4558.84,229823.33K,0.60%
2025-09-24,4566.07,4495.27,4567.49,4494.11,220482.61K,1.02%
2025-09-23,4519.78,4536.76,4560.73,4459.73,252827.06K,-0.06%
2025-09-22,4522.61,4512.03,4523.87,4487.13,196459.96K,0.46%
2025-09-19,4501.92,4499.09,4533.09,4491.84,225044.00K,0.08%
2025-09-18,4498.11,4546.03,4573.83,4454.99,309859.83K,-1.16%
2025-09-17,4551.02,4517.29,4556.03,4503.8,235716.47K,0.61%
2025-09-16,4523.34,4539.92,4552.42,4494.79,249269.21K,-0.21%
2025-09-15,4533.06,4534.89,4566.91,4522.5,231885.68K,0.24%
2025-09-12,4522.0,4544.59,4564.67,4517.79,266442.00K,-0.57%
2025-09-11,4548.03,4438.84,4548.03,4427.92,253264.05K,2.31%
2025-09-10,4445.36,4438.3,4466.63,4414.59,203597.65K,0.21%
2025-09-09,4436.26,4448.74,4472.09,4412.69,221375.46K,-0.70%
2025-09-08,4467.57,4467.17,4482.76,4438.07,267638.38K,0.16%
2025-09-05,4460.32,4365.61,4466.56,4350.3,249625.66K,2.18%
2025-09-04,4365.21,4461.25,4465.5,4327.51,307934.61K,-2.12%
2025-09-03,4459.83,4501.34,4510.73,4427.52,254320.22K,-0.68%
2025-09-02,4490.45,4521.98,4548.89,4454.42,303932.57K,-0.74%
2025-09-01,4523.71,4516.88,4528.13,4487.53,320366.71K,0.60%
2025-08-29,4496.76,4455.8,4516.84,4452.36,351938.95K,0.74%
2025-08-28,4463.78,4378.04,4464.8,4364.17,296834.54K,1.77%
2025-08-27,4386.13,4458.84,4494.91,4386.13,333133.90K,-1.49%
2025-08-26,4452.59,4453.35,4476.8,4435.53,270621.40K,-0.37%
2025-08-25,4469.22,4416.29,4472.65,4404.78,358090.01K,2.08%
2025-08-22,4378.0,4287.36,4378.39,4287.36,290434.90K,2.10%
2025-08-21,4288.07,4284.37,4308.45,4273.65,259030.01K,0.39%
2025-08-20,4271.4,4208.4,4272.15,4190.56,246481.77K,1.14%
2025-08-19,4223.37,4241.77,4264.23,4215.21,250818.77K,-0.38%
2025-08-18,4239.41,4218.25,4272.96,4203.42,301479.10K,0.88%
2025-08-15,4202.35,4162.42,4214.73,4157.5,261327.57K,0.70%
2025-08-14,4173.31,4179.97,4220.31,4165.94,221103.60K,-0.08%
2025-08-13,4176.58,4150.5,4186.75,4147.2,213935.00K,0.79%
2025-08-12,4143.83,4123.58,4153.29,4121.22,177287.82K,0.52%
2025-08-11,4122.51,4110.29,4134.25,4103.6,190443.72K,0.43%
2025-08-08,4104.97,4109.27,4122.21,4097.42,173171.20K,-0.24%
2025-08-07,4114.67,4120.28,4129.74,4094.82,198641.90K,0.03%
2025-08-06,4113.49,4100.43,4116.71,4098.35,176676.15K,0.24%
2025-08-05,4103.45,4080.39,4106.3,4075.58,178852.00K,0.80%
2025-08-04,4070.7,4037.94,4070.7,4037.94,162275.90K,0.39%
2025-08-01,4054.93,4069.93,4085.35,4040.46,196221.83K,-0.51%
2025-07-31,4075.59,4141.56,4141.82,4063.67,267087.41K,-1.82%
2025-07-30,4151.24,4148.94,4185.21,4127.43,249853.05K,-0.02%
2025-07-29,4152.02,4132.68,4153.33,4117.58,230807.88K,0.39%
2025-07-28,4135.82,4128.2,4146.12,4112.97,222759.82K,0.21%
2025-07-25,4127.16,4145.32,4150.5,4117.8,273594.96K,-0.53%
2025-07-24,4149.04,4116.83,4152.43,4111.88,319632.39K,0.71%
2025-07-23,4119.77,4129.15,4155.68,4113.91,300506.15K,0.02%
2025-07-22,4118.96,4087.34,4119.2,4068.34,257596.98K,0.82%
2025-07-21,4085.61,4069.77,4086.12,4063.44,223268.48K,0.67%
2025-07-18,4058.55,4039.87,4064.64,4039.32,186211.06K,0.60%
2025-07-17,4034.49,4005.07,4034.59,4005.07,161249.04K,0.68%
2025-07-16,4007.2,4019.39,4027.86,3993.92,151027.31K,-0.30%
2025-07-15,4019.06,4023.99,4042.66,3994.26,191042.93K,0.03%
2025-07-14,4017.67,4021.21,4034.92,4017.67,207917.17K,0.07%
2025-07-11,4014.81,4011.47,4065.94,4010.11,262052.77K,0.12%
2025-07-10,4010.02,3993.42,4032.98,3992.52,209778.90K,0.47%
2025-07-09,3991.4,3997.5,4016.74,3987.43,173293.80K,-0.18%
2025-07-08,3998.45,3965.43,4002.27,3965.43,156402.89K,0.84%
2025-07-07,3965.17,3977.29,3979.75,3956.57,131135.27K,-0.43%
2025-07-04,3982.2,3967.46,4013.85,3958.38,157197.13K,0.36%
2025-07-03,3968.07,3949.4,3971.62,3945.14,141004.01K,0.62%
2025-07-02,3943.68,3943.32,3952.14,3929.7,147063.06K,0.02%
2025-07-01,3942.76,3935.91,3946.25,3924.72,128959.36K,0.17%
2025-06-30,3936.08,3920.31,3940.36,3911.6,145170.24K,0.37%
2025-06-27,3921.76,3949.79,3969.26,3918.2,194557.91K,-0.61%
2025-06-26,3946.02,3953.16,3964.48,3945.26,165316.26K,-0.35%
2025-06-25,3960.07,3907.07,3963.04,3902.18,187213.67K,1.44%
2025-06-24,3904.03,3862.39,3914.16,3862.39,163656.19K,1.20%
2025-06-23,3857.9,3831.17,3867.59,3827.08,133800.89K,0.29%
2025-06-20,3846.64,3839.78,3856.48,3839.78,118151.02K,0.09%
2025-06-19,3843.09,3870.05,3872.94,3834.95,130280.66K,-0.82%
2025-06-18,3874.97,3871.65,3881.35,3854.66,127528.62K,0.12%
2025-06-17,3870.38,3875.18,3880.42,3860.41,122342.53K,-0.09%
2025-06-16,3873.8,3853.62,3876.17,3853.62,137341.83K,0.25%
2025-06-13,3864.18,3881.49,3889.16,3853.82,172539.54K,-0.72%
2025-06-12,3892.2,3885.52,3900.04,3870.38,133998.70K,-0.06%
2025-06-11,3894.63,3870.67,3911.61,3870.67,142414.77K,0.75%
2025-06-10,3865.47,3887.55,3897.46,3850.47,145563.86K,-0.51%
2025-06-09,3885.25,3877.8,3894.65,3871.99,136306.29K,0.29%
2025-06-06,3873.98,3878.1,3889.46,3869.39,110987.97K,-0.09%
2025-06-05,3877.56,3872.64,3883.13,3861.27,122878.18K,0.23%
2025-06-04,3868.74,3855.49,3875.86,3855.49,116803.87K,0.43%
2025-06-03,3852.01,3833.46,3863.3,3832.72,131403.09K,0.31%
2025-05-30,3840.23,3850.49,3858.61,3829.25,111672.23K,-0.48%
2025-05-29,3858.7,3838.01,3869.79,3831.46,108471.89K,0.59%
2025-05-28,3836.24,3843.07,3849.74,3833.96,89031.03K,-0.08%
2025-05-27,3839.4,3857.63,3865.43,3834.85,98572.43K,-0.54%
2025-05-26,3860.11,3875.79,3884.54,3849.04,109601.21K,-0.57%
2025-05-23,3882.27,3910.37,3931.55,3882.27,120277.42K,-0.81%
2025-05-22,3913.87,3912.6,3923.02,3903.09,107597.05K,-0.06%
2025-05-21,3916.38,3899.44,3928.63,3899.44,109791.34K,0.47%
2025-05-20,3898.17,3883.1,3911.47,3881.74,104885.23K,0.54%
2025-05-19,3877.15,3882.57,3885.59,3866.57,98643.41K,-0.31%
2025-05-16,3889.09,3898.67,3903.85,3874.86,118405.35K,-0.46%
2025-05-15,3907.2,3934.03,3936.47,3904.91,138081.75K,-0.91%
2025-05-14,3943.21,3894.84,3960.52,3890.65,172033.78K,1.21%
2025-05-13,3896.26,3915.59,3915.59,3890.69,147320.30K,0.15%
2025-05-12,3890.61,3866.53,3890.73,3859.03,153332.46K,1.16%
2025-05-09,3846.16,3848.62,3853.66,3836.53,119389.53K,-0.17%
2025-05-08,3852.9,3820.55,3867.33,3816.26,124959.83K,0.56%
2025-05-07,3831.63,3861.58,3863.68,3814.99,161172.30K,0.61%
2025-05-06,3808.54,3794.38,3809.09,3782.78,158520.46K,1.01%
2025-04-30,3770.57,3775.83,3787.56,3768.76,143681.66K,-0.12%
2025-04-29,3775.08,3776.0,3785.32,3768.03,111514.69K,-0.17%
2025-04-28,3781.62,3786.39,3792.01,3772.8,125145.09K,-0.14%
2025-04-25,3786.99,3792.08,3801.58,3780.78,124591.13K,0.07%
2025-04-24,3784.36,3787.46,3807.26,3775.21,117164.56K,-0.07%
2025-04-23,3786.88,3803.43,3807.95,3780.52,131986.87K,0.08%
2025-04-22,3783.95,3780.11,3799.23,3778.08,125688.26K,-0.02%
2025-04-21,3784.88,3768.14,3790.18,3763.14,121355.73K,0.33%
2025-04-18,3772.52,3760.04,3782.04,3754.41,102948.51K,0.01%
2025-04-17,3772.22,3755.09,3779.13,3749.5,122371.00K,-0.02%
2025-04-16,3772.82,3757.88,3775.17,3721.6,156359.01K,0.31%
2025-04-15,3761.23,3756.48,3764.49,3737.85,134006.04K,0.06%
2025-04-14,3759.14,3772.04,3776.63,3754.03,164462.40K,0.23%
2025-04-11,3750.52,3730.31,3762.37,3708.46,168759.69K,0.41%
2025-04-10,3735.12,3749.13,3756.14,3708.82,227252.23K,1.31%
2025-04-09,3686.79,3606.1,3686.79,3587.34,262305.71K,0.99%
2025-04-08,3650.76,3597.99,3650.76,3583.87,280197.31K,1.71%
2025-04-07,3589.44,3675.2,3707.78,3514.12,312578.59K,-7.05%
2025-04-03,3861.5,3843.42,3883.7,3843.42,142599.79K,-0.59%
2025-04-02,3884.39,3884.42,3900.49,3877.16,113043.18K,-0.08%
2025-04-01,3887.68,3892.78,3905.26,3882.4,140380.27K,0.01%
2025-03-31,3887.31,3905.98,3928.45,3872.4,166798.52K,-0.71%
2025-03-28,3915.17,3930.78,3934.23,3907.38,126356.21K,-0.44%
2025-03-27,3932.41,3911.38,3952.99,3903.65,126793.74K,0.33%
2025-03-26,3919.36,3930.21,3942.03,3916.86,131164.19K,-0.33%
2025-03-25,3932.3,3937.9,3946.36,3921.53,140475.40K,-0.06%
2025-03-24,3934.85,3916.11,3938.18,3907.2,152234.67K,0.51%
2025-03-21,3914.7,3966.51,3983.15,3904.77,165905.29K,-1.52%
2025-03-20,3974.99,4011.06,4012.04,3969.93,133754.67K,-0.88%
2025-03-19,4010.17,4004.83,4025.3,3989.51,144419.43K,0.06%
2025-03-18,4007.72,4011.78,4016.87,3995.96,140208.50K,0.27%
2025-03-17,3996.79,4020.64,4021.73,3992.26,162202.91K,-0.24%
2025-03-14,4006.56,3919.62,4014.16,3919.62,216139.00K,2.43%
2025-03-13,3911.58,3925.74,3939.29,3897.38,156536.44K,-0.40%
2025-03-12,3927.23,3946.86,3953.61,3921.47,156732.19K,-0.36%
2025-03-11,3941.42,3890.43,3941.42,3889.43,144754.40K,0.32%
2025-03-10,3928.8,3945.58,3949.14,3905.13,152765.23K,-0.39%
2025-03-07,3944.01,3944.91,3967.07,3935.05,166732.38K,-0.31%
2025-03-06,3956.24,3923.38,3964.49,3917.08,193960.92K,1.38%
2025-03-05,3902.57,3887.8,3906.42,3877.02,158652.75K,0.45%
2025-03-04,3885.22,3865.99,3890.42,3855.73,149850.97K,-0.08%
2025-03-03,3888.47,3899.7,3930.0,3872.59,177623.17K,-0.04%
2025-02-28,3890.05,3950.19,3972.48,3886.4,198104.15K,-1.97%
2025-02-27,3968.12,3961.06,3973.93,3933.46,202887.96K,0.21%
2025-02-26,3959.94,3931.84,3960.33,3925.37,191062.50K,0.87%
2025-02-25,3925.65,3933.64,3955.43,3915.65,178108.58K,-1.11%
2025-02-24,3969.72,3972.48,3995.95,3949.23,220810.62K,-0.22%
2025-02-21,3978.44,3938.05,3981.05,3927.79,227400.33K,1.26%
2025-02-20,3928.9,3934.65,3940.68,3916.18,163895.24K,-0.29%
2025-02-19,3940.16,3906.22,3943.67,3904.15,182829.52K,0.70%
2025-02-18,3912.78,3942.58,3965.42,3901.87,209425.10K,-0.88%
2025-02-17,3947.4,3954.41,3955.9,3921.7,213588.25K,0.21%
2025-02-14,3939.01,3900.83,3942.04,3900.83,172976.45K,0.87%
2025-02-13,3905.14,3913.9,3939.2,3904.98,172485.87K,-0.38%
2025-02-12,3919.86,3875.96,3920.72,3867.35,164228.54K,0.95%
2025-02-11,3883.14,3905.16,3905.16,3872.91,166574.91K,-0.46%
2025-02-10,3901.06,3898.1,3906.37,3878.83,188903.04K,0.21%
2025-02-07,3892.7,3844.06,3919.35,3833.87,221857.71K,1.30%
2025-02-06,3842.83,3789.61,3843.49,3788.32,167288.18K,1.26%
2025-02-05,3795.08,3844.7,3844.7,3785.16,157168.31K,-0.58%
2025-01-27,3817.08,3836.96,3852.0,3817.08,146670.77K,-0.41%
2025-01-24,3832.86,3793.85,3847.6,3793.48,148971.72K,0.77%
2025-01-23,3803.74,3829.05,3864.26,3801.85,180569.55K,0.18%
2025-01-22,3797.02,3823.94,3823.94,3783.14,137255.06K,-0.93%
2025-01-21,3832.61,3850.36,3850.91,3817.12,141218.41K,0.08%
2025-01-20,3829.68,3835.3,3858.67,3821.98,139581.28K,0.45%
2025-01-17,3812.34,3788.37,3831.64,3780.21,126621.96K,0.31%
2025-01-16,3800.38,3812.19,3842.95,3776.29,144505.87K,0.11%
2025-01-15,3796.03,3810.04,3816.83,3790.17,141475.52K,-0.64%
2025-01-14,3820.54,3728.56,3826.64,3718.88,170664.66K,2.63%
2025-01-13,3722.51,3704.44,3737.89,3704.11,136446.20K,-0.27%
2025-01-10,3732.48,3778.89,3786.81,3732.48,137523.17K,-1.25%
2025-01-09,3779.88,3780.73,3795.26,3768.68,129794.00K,-0.25%
2025-01-08,3789.22,3781.26,3810.74,3731.19,169166.97K,-0.18%
2025-01-07,3796.11,3760.87,3797.6,3749.06,146455.78K,0.72%
2025-01-06,3768.97,3775.99,3788.85,3743.07,150946.67K,-0.16%
2025-01-03,3775.16,3825.24,3835.94,3767.67,175342.68K,-1.18%
2025-01-02,3820.4,3931.82,3934.2,3796.34,217898.72K,-2.91%
2024-12-31,3934.91,3995.87,4004.35,3934.91,183928.40K,-1.60%
2024-12-30,3999.05,3976.7,4005.78,3976.7,164612.48K,0.45%
2024-12-27,3981.03,3987.02,4007.13,3970.94,169268.67K,-0.16%
2024-12-26,3987.48,3981.73,3991.53,3965.55,143425.29K,0.05%
2024-12-25,3985.63,3987.96,4007.76,3969.48,159390.75K,0.05%
2024-12-24,3983.69,3934.94,3985.86,3934.73,161494.59K,1.27%
2024-12-23,3933.57,3928.15,3965.85,3928.15,190067.36K,0.15%
2024-12-20,3927.74,3937.47,3958.63,3923.26,154986.50K,-0.45%
2024-12-19,3945.46,3911.89,3954.35,3899.75,161081.04K,0.09%
2024-12-18,3941.89,3934.54,3956.14,3933.97,157738.32K,0.51%
2024-12-17,3922.03,3908.13,3955.95,3908.13,160939.09K,0.26%
2024-12-16,3911.84,3930.78,3938.76,3901.65,178511.25K,-0.54%
2024-12-13,3933.18,4000.99,4000.99,3931.74,230353.08K,-2.37%
2024-12-12,4028.5,3987.15,4031.74,3981.35,181621.78K,0.99%
2024-12-11,3988.83,3988.02,4005.33,3977.35,177252.85K,-0.17%
2024-12-10,3995.64,4094.05,4098.38,3988.97,253463.80K,0.73%
2024-12-09,3966.57,3970.66,3995.51,3948.42,175959.96K,-0.17%
2024-12-06,3973.14,3923.9,3995.12,3923.9,192057.91K,1.31%
2024-12-05,3921.59,3916.56,3936.34,3910.08,138534.04K,-0.23%
2024-12-04,3930.56,3948.13,3957.37,3917.75,174626.32K,-0.54%
2024-12-03,3951.89,3946.7,3963.95,3922.84,182496.87K,0.11%
2024-12-02,3947.63,3909.7,3955.13,3902.17,197289.78K,0.79%
2024-11-29,3916.58,3869.89,3962.7,3869.89,187656.71K,1.14%
2024-11-28,3872.55,3904.25,3908.39,3866.01,150117.29K,-0.88%
2024-11-27,3907.04,3829.34,3907.16,3817.91,174136.10K,1.74%
2024-11-26,3840.18,3836.26,3875.23,3833.28,149892.44K,-0.21%
2024-11-25,3848.09,3875.61,3889.71,3812.32,190702.95K,-0.46%
2024-11-22,3865.7,3984.24,3990.26,3865.7,216285.81K,-3.10%
2024-11-21,3989.3,3979.46,3999.57,3966.07,166125.93K,0.09%
2024-11-20,3985.77,3966.12,4001.08,3958.34,184599.37K,0.22%
2024-11-19,3976.89,3954.6,3979.15,3896.75,242946.46K,0.67%
2024-11-18,3950.38,3982.1,4034.06,3931.19,306777.95K,-0.46%
2024-11-15,3968.83,4025.65,4049.07,3968.83,247399.46K,-1.75%
2024-11-14,4039.62,4101.22,4118.17,4034.94,230152.78K,-1.73%
2024-11-13,4110.89,4059.59,4121.07,4059.59,240484.10K,0.62%
2024-11-12,4085.74,4133.35,4181.71,4060.79,297778.09K,-1.10%
2024-11-11,4131.13,4066.93,4132.51,4048.04,289594.23K,0.66%
2024-11-08,4104.05,4192.08,4200.91,4094.16,332350.39K,-1.00%
2024-11-07,4145.7,3987.27,4146.15,3984.67,341436.41K,3.02%
2024-11-06,4024.28,4051.29,4091.7,4002.5,335807.94K,-0.50%
2024-11-05,4044.57,3937.62,4046.7,3925.41,316862.79K,2.53%
2024-11-04,3944.76,3897.71,3944.76,3891.21,229239.06K,1.41%
2024-11-01,3890.02,3882.46,3933.22,3879.96,307986.48K,-0.03%
2024-10-31,3891.04,3888.42,3923.9,3859.11,300636.72K,0.04%
2024-10-30,3889.45,3904.16,3926.06,3864.31,219436.63K,-0.90%
2024-10-29,3924.65,3970.01,3991.31,3921.58,217293.98K,-1.00%
2024-10-28,3964.16,3953.11,3964.16,3917.2,216160.42K,0.20%
2024-10-25,3956.42,3931.32,3992.89,3921.94,210694.89K,0.70%
2024-10-24,3928.83,3950.9,3957.98,3914.09,174724.06K,-1.12%
2024-10-23,3973.21,3955.32,4012.18,3939.1,245873.95K,0.39%
2024-10-22,3957.78,3923.74,3965.91,3917.52,223433.40K,0.57%
2024-10-21,3935.2,3946.9,3979.26,3896.17,291185.63K,0.25%
2024-10-18,3925.23,3780.31,3998.21,3765.16,312958.83K,3.62%
2024-10-17,3788.22,3853.84,3882.07,3787.75,212313.82K,-1.13%
2024-10-16,3831.59,3806.14,3877.75,3805.09,218866.41K,-0.63%
2024-10-15,3855.99,3942.53,3967.87,3855.99,242486.45K,-2.66%
2024-10-14,3961.34,3915.22,3979.54,3868.78,307578.99K,1.91%
2024-10-11,3887.17,3969.76,3978.24,3847.12,274096.51K,-2.77%
2024-10-10,3997.79,3979.61,4098.5,3912.77,395053.10K,1.06%
2024-10-09,3955.98,4168.84,4197.6,3942.51,482269.29K,-7.05%
2024-10-08,4256.1,4450.37,4450.37,4094.35,589867.89K,5.93%
2024-09-30,4017.85,3846.65,4038.7,3796.5,510217.71K,8.48%
2024-09-27,3703.68,3617.92,3708.5,3596.58,265487.77K,4.47%
2024-09-26,3545.32,3399.32,3545.32,3391.68,243134.01K,4.23%
2024-09-25,3401.53,3403.7,3465.49,3393.44,241564.26K,1.48%
2024-09-24,3351.91,3244.65,3351.97,3222.49,204072.22K,4.33%
2024-09-23,3212.76,3200.87,3230.16,3198.02,95344.85K,0.37%
2024-09-20,3201.05,3192.43,3207.99,3173.22,118064.10K,0.16%
2024-09-19,3196.04,3178.4,3213.84,3149.79,125439.27K,0.79%
2024-09-18,3171.01,3158.82,3179.9,3145.79,84722.81K,0.37%
2024-09-13,3159.25,3174.03,3188.91,3159.25,88336.68K,-0.42%
2024-09-12,3172.47,3189.43,3201.55,3171.88,92868.66K,-0.43%
2024-09-11,3186.13,3187.05,3197.34,3174.03,102482.11K,-0.30%
2024-09-10,3195.76,3193.46,3205.1,3171.79,97290.08K,0.09%
2024-09-09,3192.95,3214.8,3222.93,3180.93,108673.07K,-1.19%
2024-09-06,3231.35,3261.15,3274.81,3231.07,88400.42K,-0.81%
2024-09-05,3257.76,3252.96,3266.88,3247.17,97109.45K,0.17%
2024-09-04,3252.16,3253.9,3272.99,3249.98,104832.48K,-0.65%
2024-09-03,3273.43,3261.74,3281.59,3261.19,122897.31K,0.26%
2024-09-02,3265.01,3307.54,3307.76,3264.76,147612.35K,-1.70%
2024-08-30,3321.43,3273.75,3351.63,3273.65,188695.44K,1.33%
2024-08-29,3277.68,3273.54,3290.79,3269.53,130702.33K,-0.27%
2024-08-28,3286.5,3298.91,3305.35,3274.59,92696.65K,-0.57%
2024-08-27,3305.33,3315.69,3320.57,3299.56,95808.16K,-0.57%
2024-08-26,3324.22,3330.72,3336.53,3311.57,93990.77K,-0.09%
2024-08-23,3327.19,3305.93,3336.24,3305.64,89525.77K,0.42%
2024-08-22,3313.14,3322.87,3327.7,3305.25,100366.50K,-0.26%
2024-08-21,3321.64,3322.91,3339.44,3307.99,89954.75K,-0.33%
2024-08-20,3332.7,3361.64,3362.33,3321.64,101668.33K,-0.72%
2024-08-19,3356.97,3344.26,3375.96,3343.71,105571.11K,0.34%
2024-08-16,3345.63,3342.03,3356.91,3335.62,96519.08K,0.11%
2024-08-15,3341.95,3301.45,3356.76,3297.97,104766.40K,0.99%
2024-08-14,3309.24,3332.79,3332.79,3309.1,78742.41K,-0.75%
2024-08-13,3334.39,3328.01,3335.01,3310.19,84489.68K,0.26%
2024-08-12,3325.86,3327.56,3338.08,3319.89,79938.75K,-0.17%
2024-08-09,3331.63,3358.13,3366.67,3331.63,91511.63K,-0.34%
2024-08-08,3342.94,3332.43,3364.79,3320.84,92495.70K,0.04%
2024-08-07,3341.49,3338.59,3362.38,3329.97,95084.38K,-0.04%
2024-08-06,3342.98,3367.35,3376.8,3318.63,119340.28K,-0.01%
2024-08-05,3343.32,3362.11,3409.03,3343.32,142812.52K,-1.21%
2024-08-02,3384.39,3393.92,3419.1,3380.96,116615.26K,-1.02%
2024-08-01,3419.27,3443.14,3448.34,3419.19,136323.46K,-0.66%
2024-07-31,3442.08,3364.03,3445.0,3364.03,171959.18K,2.16%
2024-07-30,3369.38,3380.69,3380.69,3352.8,104952.16K,-0.63%
2024-07-29,3390.74,3404.37,3408.5,3388.84,109787.79K,-0.54%
2024-07-26,3409.29,3403.71,3420.82,3388.66,124195.56K,0.29%
2024-07-25,3399.27,3404.61,3415.86,3383.8,131022.24K,-0.55%
2024-07-24,3418.17,3432.35,3451.42,3408.41,127036.26K,-0.63%
2024-07-23,3439.88,3509.79,3509.79,3439.88,128897.66K,-2.13%
2024-07-22,3514.92,3538.4,3540.19,3494.01,132126.34K,-0.68%
2024-07-19,3539.02,3500.81,3545.34,3493.07,132447.98K,0.51%
2024-07-18,3520.93,3483.3,3522.8,3475.72,123768.20K,0.55%
2024-07-17,3501.58,3494.21,3514.48,3486.22,131802.06K,0.09%
2024-07-16,3498.28,3466.85,3500.29,3464.37,120659.02K,0.63%
2024-07-15,3476.25,3462.61,3481.46,3460.79,118517.08K,0.11%
2024-07-12,3472.4,3459.96,3479.1,3457.36,130874.59K,0.12%
2024-07-11,3468.17,3451.04,3473.98,3438.12,145892.47K,1.14%
2024-07-10,3428.97,3425.88,3447.51,3423.65,127203.46K,-0.32%
2024-07-09,3439.81,3396.8,3448.93,3384.81,131629.44K,1.12%
2024-07-08,3401.76,3420.8,3428.04,3395.91,115528.22K,-0.85%
2024-07-05,3431.06,3443.36,3451.04,3399.67,116609.66K,-0.43%
2024-07-04,3445.81,3468.3,3483.31,3444.93,104429.91K,-0.51%
2024-07-03,3463.41,3471.56,3478.7,3454.99,103857.11K,-0.24%
2024-07-02,3471.79,3472.45,3488.32,3464.52,121650.12K,-0.18%
2024-07-01,3478.18,3458.26,3479.95,3443.81,121829.77K,0.48%
2024-06-28,3461.66,3443.67,3484.68,3443.67,135409.15K,0.22%
2024-06-27,3454.12,3467.29,3471.14,3452.58,114918.10K,-0.75%
2024-06-26,3480.26,3451.54,3487.4,3442.3,105898.86K,0.65%
2024-06-25,3457.9,3475.16,3483.22,3440.65,118448.12K,-0.54%
2024-06-24,3476.81,3473.64,3505.78,3471.22,117990.18K,-0.54%
2024-06-21,3495.62,3496.34,3505.51,3473.83,109186.62K,-0.22%
2024-06-20,3503.28,3525.17,3533.99,3500.13,111617.40K,-0.72%
2024-06-19,3528.75,3543.36,3543.36,3524.84,106642.80K,-0.47%
2024-06-18,3545.59,3533.49,3551.71,3532.78,123671.84K,0.27%
2024-06-17,3536.2,3521.44,3540.79,3520.74,137433.44K,-0.15%
2024-06-14,3541.53,3514.8,3547.15,3503.52,171516.94K,0.44%
2024-06-13,3526.13,3548.22,3551.08,3520.18,123245.46K,-0.51%
2024-06-12,3544.12,3539.09,3551.17,3531.57,122813.73K,0.03%
2024-06-11,3542.88,3555.82,3565.31,3525.89,134522.31K,-0.87%
2024-06-07,3574.11,3594.63,3603.07,3552.09,131103.03K,-0.50%
2024-06-06,3592.25,3602.16,3625.01,3584.17,137893.52K,-0.07%
2024-06-05,3594.79,3610.36,3623.32,3594.11,110906.77K,-0.58%
2024-06-04,3615.67,3583.81,3622.5,3580.28,124545.10K,0.75%
2024-06-03,3588.75,3577.38,3600.6,3567.87,141054.59K,0.25%
2024-05-31,3579.92,3599.82,3614.64,3579.92,112462.02K,-0.40%
2024-05-30,3594.31,3607.05,3624.04,3586.75,122602.99K,-0.53%
2024-05-29,3613.52,3609.07,3633.2,3602.82,115906.32K,0.12%
2024-05-28,3609.17,3633.25,3638.97,3605.92,123532.24K,-0.73%
2024-05-27,3635.71,3606.65,3638.15,3603.71,131272.64K,0.95%
2024-05-24,3601.48,3630.83,3650.87,3599.67,124791.18K,-1.11%
2024-05-23,3641.79,3672.84,3674.37,3633.51,142572.99K,-1.16%
2024-05-22,3684.45,3675.65,3691.88,3667.09,151914.61K,0.23%
2024-05-21,3676.16,3682.29,3684.61,3665.15,130678.28K,-0.40%
2024-05-20,3690.96,3682.06,3703.03,3677.44,184609.42K,0.35%
2024-05-17,3677.97,3638.56,3677.97,3627.45,164570.42K,1.03%
2024-05-16,3640.36,3636.6,3657.48,3626.33,154630.50K,0.39%
2024-05-15,3626.06,3651.05,3656.53,3624.0,123522.76K,-0.85%
2024-05-14,3657.05,3668.23,3675.78,3646.71,133406.49K,-0.21%
2024-05-13,3664.69,3646.35,3673.62,3634.6,157267.45K,-0.04%
2024-05-10,3666.28,3669.09,3674.61,3641.76,150720.54K,0.05%
2024-05-09,3664.56,3630.41,3669.76,3630.41,146559.02K,0.95%
2024-05-08,3630.22,3650.75,3650.94,3628.7,130035.34K,-0.79%
2024-05-07,3659.01,3657.0,3665.68,3648.38,164834.29K,0.03%
2024-05-06,3657.88,3654.05,3668.26,3645.74,208018.01K,1.48%
2024-04-30,3604.39,3619.26,3630.71,3604.39,191296.90K,-0.54%
2024-04-29,3623.91,3584.54,3645.82,3578.76,222721.38K,1.11%
2024-04-26,3584.27,3531.96,3588.4,3531.96,197216.13K,1.53%
2024-04-25,3530.28,3510.64,3543.97,3505.2,115187.72K,0.25%
2024-04-24,3521.62,3514.01,3524.54,3495.65,121739.85K,0.44%
2024-04-23,3506.22,3525.67,3533.76,3499.98,143113.50K,-0.70%
2024-04-22,3530.9,3536.18,3558.16,3528.02,150579.04K,-0.30%
2024-04-19,3541.66,3550.61,3560.95,3529.32,147281.51K,-0.79%
2024-04-18,3569.8,3550.56,3602.79,3547.6,178574.11K,0.12%
2024-04-17,3565.4,3509.13,3565.94,3498.03,168466.40K,1.55%
2024-04-16,3511.11,3533.36,3545.5,3503.62,176153.07K,-1.07%
2024-04-15,3549.08,3473.5,3552.41,3473.5,183941.25K,2.11%
2024-04-12,3475.84,3505.75,3516.7,3470.06,128921.12K,-0.81%
2024-04-11,3504.24,3485.03,3520.59,3484.93,126534.40K,-0.01%
2024-04-10,3504.71,3528.97,3531.23,3490.05,128790.27K,-0.81%
2024-04-09,3533.49,3533.38,3543.71,3518.86,129670.94K,-0.08%
2024-04-08,3536.41,3553.56,3567.82,3535.77,155304.28K,-0.88%
2024-04-03,3567.8,3578.68,3582.43,3558.87,135592.33K,-0.36%
2024-04-02,3580.68,3593.22,3596.19,3568.75,141272.97K,-0.42%
2024-04-01,3595.65,3551.58,3600.92,3551.58,162776.56K,1.64%
2024-03-29,3537.48,3516.88,3538.24,3516.88,128643.29K,0.47%
2024-03-28,3520.96,3498.48,3551.21,3489.39,143334.72K,0.52%
2024-03-27,3502.79,3538.72,3542.96,3502.79,128626.76K,-1.16%
2024-03-26,3543.75,3526.68,3547.65,3518.6,126209.54K,0.51%
2024-03-25,3525.76,3536.71,3564.96,3525.76,137015.72K,-0.54%
2024-03-22,3545.0,3571.27,3575.72,3522.84,139227.36K,-1.01%
2024-03-21,3581.09,3593.07,3601.11,3575.03,130743.38K,-0.12%
2024-03-20,3585.38,3568.72,3589.55,3568.43,129528.97K,0.22%
2024-03-19,3577.63,3593.34,3610.74,3577.19,145571.79K,-0.72%
2024-03-18,3603.53,3577.06,3604.05,3573.4,160379.44K,0.94%
2024-03-15,3569.99,3554.91,3572.81,3533.68,138316.04K,0.22%
2024-03-14,3562.22,3571.79,3597.46,3545.61,140962.72K,-0.28%
2024-03-13,3572.36,3594.42,3594.42,3563.37,144590.59K,-0.70%
2024-03-12,3597.49,3592.58,3605.7,3574.21,180685.56K,0.23%
2024-03-11,3589.26,3545.94,3589.26,3542.28,148202.83K,1.25%
2024-03-08,3544.91,3529.55,3548.51,3511.58,125792.66K,0.43%
2024-03-07,3529.72,3548.1,3569.92,3522.9,148110.51K,-0.60%
2024-03-06,3551.05,3556.53,3577.39,3545.1,143076.61K,-0.41%
2024-03-05,3565.51,3524.96,3570.69,3519.08,166422.39K,0.70%
2024-03-04,3540.87,3538.37,3548.69,3519.76,163244.61K,0.09%
2024-03-01,3537.8,3515.06,3544.36,3503.46,162709.57K,0.62%
2024-02-29,3516.08,3437.9,3516.08,3437.9,155944.53K,1.91%
2024-02-28,3450.26,3499.83,3521.66,3450.26,189837.55K,-1.27%
2024-02-27,3494.79,3440.05,3494.79,3437.44,139528.25K,1.20%
2024-02-26,3453.36,3485.54,3492.61,3445.39,151248.33K,-1.04%
2024-02-23,3489.74,3491.34,3507.56,3472.97,144821.27K,0.09%
2024-02-22,3486.67,3450.35,3486.68,3448.41,141020.78K,0.86%
2024-02-21,3456.87,3390.36,3500.13,3383.69,188879.36K,1.35%
2024-02-20,3410.85,3395.19,3415.89,3380.1,140734.58K,0.21%
2024-02-19,3403.81,3393.19,3403.81,3364.14,183319.80K,1.16%
2024-02-08,3364.93,3351.41,3367.21,3336.98,189977.58K,0.64%
2024-02-07,3343.63,3314.03,3343.63,3289.67,216647.93K,0.96%
2024-02-06,3311.69,3185.25,3314.51,3182.82,202713.10K,3.48%
2024-02-05,3200.42,3164.25,3233.85,3111.52,203042.97K,0.65%
2024-02-02,3179.63,3219.87,3235.41,3108.35,173758.09K,-1.18%
2024-02-01,3217.71,3202.26,3251.76,3191.9,145516.79K,0.07%
2024-01-31,3215.35,3231.54,3252.15,3201.93,153143.47K,-0.91%
2024-01-30,3245.04,3283.9,3300.2,3244.97,143649.35K,-1.78%
2024-01-29,3303.96,3335.39,3351.37,3303.96,184164.80K,-0.90%
2024-01-26,3333.82,3326.65,3351.97,3315.13,180664.01K,-0.27%
2024-01-25,3342.92,3274.34,3344.24,3269.79,196833.61K,2.01%
2024-01-24,3277.11,3245.96,3281.49,3190.47,154371.95K,1.40%
2024-01-23,3231.93,3208.43,3249.53,3188.13,122012.00K,0.40%
2024-01-22,3218.9,3262.47,3281.42,3193.18,148705.63K,-1.56%
2024-01-19,3269.78,3261.24,3286.94,3251.81,118501.41K,-0.15%
2024-01-18,3274.73,3214.28,3279.25,3171.63,174909.17K,1.41%
2024-01-17,3229.08,3291.14,3291.14,3229.08,108769.73K,-2.18%
2024-01-16,3300.88,3272.57,3300.88,3260.44,113276.66K,0.61%
2024-01-15,3280.92,3270.1,3306.92,3261.27,88851.53K,-0.10%
2024-01-12,3284.17,3284.36,3310.47,3279.7,96853.55K,-0.35%
2024-01-11,3295.67,3275.31,3311.11,3266.79,108789.74K,0.57%
2024-01-10,3277.13,3281.67,3312.92,3268.25,94199.37K,-0.47%
2024-01-09,3292.5,3286.71,3304.6,3273.84,109330.46K,0.20%
2024-01-08,3286.06,3322.61,3333.52,3283.34,117429.49K,-1.29%
2024-01-05,3329.11,3341.31,3372.54,3313.55,126400.57K,-0.54%
2024-01-04,3347.05,3375.02,3375.02,3323.86,106721.01K,-0.93%
2024-01-03,3378.3,3379.75,3392.85,3362.66,105613.85K,-0.24%
2024-01-02,3386.35,3426.27,3426.27,3386.35,116180.73K,-1.30%
2023-12-29,3431.11,3411.11,3432.54,3409.58,114928.93K,0.49%
2023-12-28,3414.54,3335.56,3423.4,3331.21,148064.85K,2.34%
2023-12-27,3336.36,3326.93,3341.27,3309.67,94403.93K,0.35%
2023-12-26,3324.79,3345.4,3345.42,3315.94,74732.93K,-0.68%
2023-12-25,3347.45,3330.33,3348.88,3330.33,74542.69K,0.31%
2023-12-22,3337.23,3329.47,3359.06,3315.9,105220.13K,0.19%
2023-12-21,3330.87,3285.6,3339.36,3283.99,102546.20K,1.01%
2023-12-20,3297.5,3334.33,3338.54,3297.37,92412.87K,-1.10%
2023-12-19,3334.04,3325.66,3345.78,3313.19,83808.12K,0.14%
2023-12-18,3329.37,3329.19,3352.35,3314.91,90526.83K,-0.36%
2023-12-15,3341.55,3365.94,3388.5,3339.52,97787.78K,-0.31%
2023-12-14,3351.96,3387.38,3399.14,3350.76,83655.13K,-0.52%
2023-12-13,3369.61,3418.64,3418.64,3369.61,95285.37K,-1.67%
2023-12-12,3426.8,3410.0,3427.55,3406.1,105590.01K,0.21%
2023-12-11,3419.45,3378.05,3426.61,3346.89,139626.25K,0.59%
2023-12-08,3399.46,3391.86,3409.38,3383.45,129522.05K,0.24%
2023-12-07,3391.28,3394.31,3404.41,3369.77,97713.25K,-0.24%
2023-12-06,3399.6,3387.88,3420.28,3382.95,105805.52K,0.16%
2023-12-05,3394.26,3450.09,3450.09,3393.81,100472.01K,-1.90%
2023-12-04,3460.14,3481.04,3488.13,3459.61,97156.83K,-0.65%
2023-12-01,3482.88,3494.22,3494.22,3452.17,108530.94K,-0.38%
2023-11-30,3496.2,3485.52,3505.13,3481.45,101350.82K,0.23%
2023-11-29,3488.31,3518.88,3519.2,3482.24,98841.41K,-0.86%
2023-11-28,3518.52,3510.66,3521.05,3501.11,89335.79K,0.19%
2023-11-27,3511.94,3534.44,3534.44,3492.86,99102.31K,-0.74%
2023-11-24,3538.01,3560.65,3560.65,3534.0,85018.40K,-0.66%
2023-11-23,3561.52,3541.44,3562.07,3529.94,84800.17K,0.48%
2023-11-22,3544.42,3569.44,3574.38,3544.42,84784.38K,-1.02%
2023-11-21,3581.07,3587.88,3615.06,3575.68,108594.31K,0.13%
2023-11-20,3576.32,3569.73,3586.97,3545.1,91080.45K,0.23%
2023-11-17,3568.07,3561.31,3573.68,3547.03,87319.21K,-0.12%
2023-11-16,3572.36,3600.98,3605.29,3572.36,87464.78K,-0.97%
2023-11-15,3607.25,3616.88,3620.6,3596.92,104929.22K,0.70%
2023-11-14,3582.06,3581.1,3600.15,3568.88,100884.16K,0.07%
2023-11-13,3579.41,3593.91,3599.39,3562.77,96707.65K,-0.20%
2023-11-10,3586.49,3596.07,3599.45,3576.1,102107.03K,-0.73%
2023-11-09,3612.83,3603.11,3624.41,3601.37,111872.06K,0.05%
2023-11-08,3611.07,3610.64,3627.05,3591.82,110594.23K,-0.24%
2023-11-07,3619.76,3623.78,3628.46,3606.3,110288.59K,-0.35%
2023-11-06,3632.61,3608.32,3635.79,3600.63,152982.46K,1.35%
2023-11-03,3584.14,3558.53,3596.1,3558.53,97542.10K,0.84%
2023-11-02,3554.19,3580.07,3597.17,3553.74,90359.64K,-0.47%
2023-11-01,3571.03,3605.76,3606.41,3564.64,97645.54K,-0.04%
2023-10-31,3572.51,3581.68,3581.68,3554.58,112587.27K,-0.31%
2023-10-30,3583.77,3554.11,3592.72,3554.02,144010.43K,0.60%
2023-10-27,3562.39,3501.17,3576.59,3494.55,120225.11K,1.37%
2023-10-26,3514.14,3484.78,3515.57,3478.05,105143.57K,0.28%
2023-10-25,3504.46,3524.3,3531.83,3500.92,128009.62K,0.50%
2023-10-24,3487.13,3481.76,3495.0,3453.1,115547.29K,0.37%
2023-10-23,3474.24,3500.2,3505.35,3450.65,96561.65K,-1.04%
2023-10-20,3510.59,3518.35,3535.66,3501.73,98518.60K,-0.65%
2023-10-19,3533.54,3588.52,3588.52,3532.31,111737.52K,-2.13%
2023-10-18,3610.58,3631.07,3632.06,3608.98,94545.88K,-0.79%
2023-10-17,3639.4,3635.3,3645.57,3619.13,90745.19K,0.35%
2023-10-16,3626.6,3664.04,3664.04,3615.77,91853.12K,-1.00%
2023-10-13,3663.41,3677.96,3678.19,3652.31,98287.99K,-1.05%
2023-10-12,3702.38,3697.93,3711.5,3682.84,114363.23K,0.95%
2023-10-11,3667.55,3674.75,3689.53,3658.36,102091.59K,0.28%
2023-10-10,3657.13,3696.25,3701.26,3655.59,99163.73K,-0.75%
2023-10-09,3684.73,3678.93,3694.17,3642.0,102148.06K,-0.13%
2023-09-28,3689.52,3711.21,3716.06,3685.3,85221.72K,-0.30%
2023-09-27,3700.5,3694.96,3731.14,3694.39,91629.21K,0.21%
2023-09-26,3692.89,3711.71,3723.85,3692.62,78044.52K,-0.58%
2023-09-25,3714.6,3738.06,3738.06,3711.2,92596.48K,-0.65%
2023-09-22,3738.93,3672.64,3740.42,3664.77,110231.17K,1.81%
2023-09-21,3672.44,3698.31,3708.46,3672.44,83031.01K,-0.90%
2023-09-20,3705.69,3715.96,3718.52,3705.13,75448.21K,-0.40%
2023-09-19,3720.5,3723.42,3724.07,3702.69,83199.04K,-0.19%
2023-09-18,3727.71,3698.93,3737.53,3691.11,86727.74K,0.51%
2023-09-15,3708.78,3740.79,3749.02,3699.38,109395.69K,-0.66%
2023-09-14,3733.51,3736.94,3748.82,3717.31,100386.07K,-0.08%
2023-09-13,3736.65,3759.61,3768.82,3719.11,81576.90K,-0.64%
2023-09-12,3760.6,3764.33,3775.09,3755.42,79385.38K,-0.18%
2023-09-11,3767.54,3740.58,3788.32,3734.72,105358.02K,0.74%
2023-09-08,3739.99,3747.65,3753.26,3724.99,71638.17K,-0.49%
2023-09-07,3758.47,3802.23,3802.23,3756.85,95103.90K,-1.41%
2023-09-06,3812.03,3808.1,3817.52,3790.89,93442.39K,-0.22%
2023-09-05,3820.32,3839.58,3839.58,3814.33,104052.33K,-0.74%
2023-09-04,3848.95,3812.99,3854.26,3804.59,142385.20K,1.52%
2023-09-01,3791.49,3778.91,3808.53,3778.91,105319.04K,0.70%
2023-08-31,3765.27,3786.93,3794.0,3762.0,118961.65K,-0.61%
2023-08-30,3788.51,3803.12,3813.7,3780.24,129671.66K,-0.04%
2023-08-29,3790.11,3743.05,3810.38,3742.08,152486.15K,1.00%
2023-08-28,3752.62,3911.55,3911.55,3740.53,197990.38K,1.17%
2023-08-25,3709.15,3703.51,3734.22,3695.84,105182.61K,-0.38%
2023-08-24,3723.43,3711.54,3748.86,3701.57,119614.52K,0.72%
2023-08-23,3696.63,3751.77,3756.17,3695.03,97081.64K,-1.64%
2023-08-22,3758.23,3748.07,3770.06,3704.68,120318.33K,0.77%
2023-08-21,3729.56,3773.23,3782.11,3729.56,98708.37K,-1.44%
2023-08-18,3784.0,3832.46,3844.2,3784.0,95549.64K,-1.23%
2023-08-17,3831.1,3801.2,3836.15,3782.5,98415.49K,0.33%
2023-08-16,3818.33,3830.83,3852.42,3817.63,94616.95K,-0.73%
2023-08-15,3846.54,3858.37,3865.28,3811.68,103097.11K,-0.24%
2023-08-14,3855.91,3840.89,3859.47,3814.07,115966.34K,-0.73%
2023-08-11,3884.25,3977.98,3977.98,3884.25,126082.93K,-2.30%
2023-08-10,3975.72,3962.86,3976.46,3945.39,97176.85K,0.21%
2023-08-09,3967.57,3967.36,3982.11,3961.84,94640.27K,-0.31%
2023-08-08,3979.73,3980.04,4002.29,3963.46,109871.70K,-0.26%
2023-08-07,3990.15,4002.97,4002.97,3977.02,121310.66K,-0.76%
2023-08-04,4020.58,4033.72,4058.24,4011.62,178267.19K,0.39%
2023-08-03,4004.98,3962.13,4005.0,3962.13,129006.64K,0.88%
2023-08-02,3969.9,3985.7,4008.33,3958.51,125855.69K,-0.70%
2023-08-01,3998.0,4009.18,4031.7,3983.03,142286.86K,-0.41%
2023-07-31,4014.63,4018.89,4064.36,4002.08,199606.83K,0.55%
2023-07-28,3992.74,3889.79,4000.92,3886.55,179735.48K,2.32%
2023-07-27,3902.35,3914.23,3935.36,3894.69,110667.11K,-0.12%
2023-07-26,3907.01,3908.17,3912.98,3893.4,107881.72K,-0.21%
2023-07-25,3915.12,3866.64,3915.81,3866.64,163066.32K,2.89%
2023-07-24,3805.22,3803.35,3828.79,3798.8,75483.54K,-0.44%
2023-07-21,3821.91,3816.98,3849.51,3808.8,79507.56K,-0.05%
2023-07-20,3823.69,3857.77,3875.62,3818.71,92042.08K,-0.71%
2023-07-19,3850.87,3848.48,3860.01,3830.41,79585.70K,-0.11%
2023-07-18,3854.94,3871.04,3871.04,3844.51,91438.62K,-0.32%
2023-07-17,3867.17,3881.62,3881.62,3852.26,98340.14K,-0.82%
2023-07-14,3899.1,3904.6,3908.49,3893.79,122364.85K,0.02%
2023-07-13,3898.42,3855.66,3901.1,3855.66,120300.23K,1.43%
2023-07-12,3843.44,3864.6,3874.04,3838.56,111522.02K,-0.67%
2023-07-11,3869.49,3853.8,3870.65,3844.52,86510.72K,0.65%
2023-07-10,3844.33,3841.56,3865.46,3831.92,92033.44K,0.49%
2023-07-07,3825.7,3831.6,3844.84,3819.08,100906.92K,-0.44%
2023-07-06,3842.75,3857.03,3876.89,3836.46,100121.84K,-0.67%
2023-07-05,3868.81,3895.19,3899.52,3864.13,97636.38K,-0.77%
2023-07-04,3899.01,3888.03,3899.98,3878.4,109494.53K,0.16%
2023-07-03,3892.88,3853.29,3897.33,3853.29,133158.05K,1.31%
2023-06-30,3842.45,3816.33,3860.03,3813.55,101268.43K,0.54%
2023-06-29,3821.84,3836.73,3840.71,3817.38,98289.27K,-0.49%
2023-06-28,3840.8,3836.61,3846.85,3808.16,107021.54K,-0.12%
2023-06-27,3845.43,3811.69,3851.9,3806.32,116992.68K,0.94%
2023-06-26,3809.7,3833.44,3841.29,3801.05,133990.42K,-1.41%
2023-06-21,3864.03,3909.1,3920.13,3864.03,118346.57K,-1.53%
2023-06-20,3924.24,3926.09,3937.49,3918.47,122520.32K,-0.17%
2023-06-19,3930.91,3957.03,3957.03,3922.47,134905.85K,-0.82%
2023-06-16,3963.35,3932.21,3968.01,3928.54,139760.08K,0.96%
2023-06-15,3925.5,3871.77,3925.5,3871.77,128369.94K,1.59%
2023-06-14,3864.02,3872.72,3891.67,3862.06,124955.76K,-0.02%
2023-06-13,3864.91,3838.13,3867.3,3833.46,110924.95K,0.53%
2023-06-12,3844.43,3827.33,3859.72,3813.86,126758.54K,0.20%
2023-06-09,3836.7,3822.41,3836.7,3811.22,134319.86K,0.43%
2023-06-08,3820.19,3791.08,3834.39,3777.78,118700.93K,0.81%
2023-06-07,3789.34,3815.48,3823.11,3780.1,98862.43K,-0.49%
2023-06-06,3808.16,3840.46,3867.85,3802.84,125781.26K,-0.94%
2023-06-05,3844.25,3860.56,3860.56,3832.46,116163.99K,-0.46%
2023-06-02,3861.83,3821.62,3865.28,3821.62,125015.11K,1.44%
2023-06-01,3806.87,3788.59,3832.21,3786.73,134561.88K,0.22%
2023-05-31,3798.54,3827.16,3827.16,3781.4,126387.37K,-1.02%
2023-05-30,3837.75,3827.79,3844.01,3789.27,137619.63K,0.10%
2023-05-29,3833.94,3862.08,3866.72,3819.18,131859.97K,-0.44%
2023-05-26,3850.95,3848.42,3859.63,3815.57,100326.44K,0.01%
2023-05-25,3850.5,3851.41,3861.38,3817.84,124150.77K,-0.22%
2023-05-24,3859.09,3903.78,3903.78,3859.09,137258.27K,-1.38%
2023-05-23,3913.19,3968.23,3971.94,3913.19,118685.08K,-1.41%
2023-05-22,3969.33,3941.0,3985.4,3935.8,109116.60K,0.63%
2023-05-19,3944.54,3946.22,3967.28,3928.32,120212.48K,-0.29%
2023-05-18,3956.07,3965.52,3982.72,3939.55,136533.95K,-0.10%
2023-05-17,3960.17,3971.7,3982.6,3945.71,118448.18K,-0.45%
2023-05-16,3978.21,4002.52,4005.02,3966.99,136833.27K,-0.52%
2023-05-15,3998.89,3938.83,3998.89,3923.03,176257.36K,1.55%
2023-05-12,3937.76,3987.77,3999.38,3937.53,144421.73K,-1.33%
2023-05-11,3990.66,4005.78,4018.06,3988.48,144804.62K,-0.16%
2023-05-10,3996.87,4017.94,4019.06,3984.63,207552.71K,-0.77%
2023-05-09,4027.88,4065.44,4092.85,4026.39,279306.05K,-0.86%
2023-05-08,4062.66,4028.11,4070.77,4018.96,255583.08K,1.14%
2023-05-05,4016.88,4031.09,4047.6,3998.39,206626.92K,-0.33%
2023-05-04,4030.25,4013.47,4035.78,4001.13,227582.85K,0.03%
2023-04-28,4029.09,3993.26,4030.45,3993.26,179508.49K,1.02%
2023-04-27,3988.42,3948.03,3999.13,3942.82,153828.20K,0.74%
2023-04-26,3959.23,3950.26,3975.66,3934.66,162702.01K,-0.09%
2023-04-25,3962.67,3985.11,3991.69,3925.44,172555.41K,-0.50%
2023-04-24,3982.64,4031.3,4033.64,3967.91,170099.22K,-1.24%
2023-04-21,4032.57,4114.26,4114.26,4031.91,180802.43K,-1.96%
2023-04-20,4113.02,4122.95,4125.82,4094.0,162706.68K,-0.28%
2023-04-19,4124.56,4159.39,4159.39,4118.63,162554.59K,-0.90%
2023-04-18,4162.03,4139.31,4169.67,4138.46,170184.13K,0.30%
2023-04-17,4149.38,4090.07,4149.38,4089.51,188773.10K,1.40%
2023-04-14,4092.0,4078.97,4098.22,4075.2,150695.68K,0.57%
2023-04-13,4068.98,4081.39,4088.88,4059.57,156444.30K,-0.69%
2023-04-12,4097.29,4102.4,4108.25,4090.28,165965.28K,-0.07%
2023-04-11,4100.15,4108.51,4116.12,4083.49,153901.33K,-0.11%
2023-04-10,4104.81,4132.01,4132.3,4099.05,152453.00K,-0.45%
2023-04-07,4123.28,4096.9,4131.31,4092.18,128676.74K,0.65%
2023-04-06,4096.64,4084.13,4098.83,4078.4,150703.37K,-0.16%
2023-04-04,4103.11,4089.29,4103.16,4080.07,197146.63K,0.31%
2023-04-03,4090.57,4059.62,4094.94,4059.06,182124.31K,0.98%
2023-03-31,4050.93,4045.45,4063.57,4039.96,138842.55K,0.31%
2023-03-30,4038.53,4009.56,4040.5,3983.9,149901.04K,0.81%
2023-03-29,4006.14,4013.59,4017.76,3992.67,133743.51K,0.17%
2023-03-28,3999.51,4015.7,4023.78,3994.6,131895.12K,-0.32%
2023-03-27,4012.48,4023.3,4023.3,3987.03,168482.28K,-0.36%
2023-03-24,4027.05,4035.16,4037.84,4017.0,159442.33K,-0.30%
2023-03-23,4039.09,3985.99,4039.09,3984.0,158887.42K,0.99%
2023-03-22,3999.44,3993.78,4016.45,3986.71,149228.97K,0.43%
2023-03-21,3982.38,3948.16,3982.7,3948.16,145090.68K,1.10%
2023-03-20,3939.08,3962.66,3979.55,3935.02,205264.97K,-0.50%
2023-03-17,3958.82,3971.16,4004.22,3945.25,177433.82K,0.50%
2023-03-16,3939.15,3958.2,3981.32,3936.48,152515.64K,-1.20%
2023-03-15,3986.9,4011.84,4018.75,3986.9,142026.01K,0.06%
2023-03-14,3984.7,3999.88,4001.94,3946.94,150544.17K,-0.60%
2023-03-13,4008.69,3962.64,4008.69,3962.64,143561.37K,
